city,state,num_restaurants_by_city
"http://dbpedia.org/resource/New_York_City","http://dbpedia.org/resource/Queens","29"
"http://dbpedia.org/resource/Philadelphia","http://www.city.ac.uk/ds/inm713/feiphoon#wm_penn_anx_w","13"
"http://dbpedia.org/resource/Brooklyn","http://dbpedia.org/resource/Brooklyn","8"
"http://dbpedia.org/resource/Houston","http://dbpedia.org/resource/Texas","8"
"http://dbpedia.org/resource/Los_Angeles","http://dbpedia.org/resource/The_Bicentennial_Man","8"
"http://dbpedia.org/resource/Rochester_Rhinos","http://dbpedia.org/resource/Minnesota","7"
"http://dbpedia.org/resource/Pittsburgh","http://dbpedia.org/resource/Card-Pitt","6"
"http://dbpedia.org/resource/Denver","http://dbpedia.org/resource/Colombia","6"
"http://dbpedia.org/resource/Chicago","http://dbpedia.org/resource/Forest_View,_Illinois","6"
"http://dbpedia.org/resource/Las_Vegas","http://dbpedia.org/resource/Nevada","6"
"http://dbpedia.org/resource/Seattle","http://dbpedia.org/resource/Wedgwood","6"
"http://dbpedia.org/resource/Minneapolis","http://dbpedia.org/resource/Minnesota","5"
"http://dbpedia.org/resource/Columbus,_Ohio","http://dbpedia.org/resource/Ohio","5"
"http://dbpedia.org/resource/San_Diego","http://dbpedia.org/resource/Ontario","5"
"http://dbpedia.org/resource/Austin_Aztex","http://dbpedia.org/resource/Texas","5"
"http://dbpedia.org/resource/Fort_Lauderdale,_Florida","http://dbpedia.org/resource/Wilton_Manors,_Florida","5"
"http://dbpedia.org/resource/Indianapolis","http://www.city.ac.uk/ds/inm713/feiphoon#in","5"
"http://dbpedia.org/resource/Phoenix_Suns","http://dbpedia.org/resource/Arizona","4"
"http://dbpedia.org/resource/Atlanta","http://dbpedia.org/resource/Atlanta","4"
"http://dbpedia.org/resource/Rockville_station","http://dbpedia.org/resource/Bethesda,_Maryland","4"
"http://dbpedia.org/resource/The_Bronx","http://dbpedia.org/resource/Brooklyn","4"
"http://dbpedia.org/resource/Washington,_D.C.","http://dbpedia.org/resource/D.C._United","4"
"http://dbpedia.org/resource/Wilmington,_Ohio","http://dbpedia.org/resource/FC_Wil","4"
"http://dbpedia.org/resource/Honolulu","http://dbpedia.org/resource/Medal_of_Honor","4"
"http://dbpedia.org/resource/Order_of_Saint_Louis","http://dbpedia.org/resource/Missouri","4"
"http://dbpedia.org/resource/Baltimore","http://dbpedia.org/resource/Ohio","4"
"http://dbpedia.org/resource/Spring_Offensive","http://dbpedia.org/resource/Texas","4"
"http://dbpedia.org/resource/Lafayette_College","http://www.city.ac.uk/ds/inm713/feiphoon#in","4"
"http://dbpedia.org/resource/Portland,_Maine","http://www.city.ac.uk/ds/inm713/feiphoon#or","4"
"http://dbpedia.org/resource/Scottsdale,_Arizona","http://dbpedia.org/resource/Arizona","3"
"http://dbpedia.org/resource/Staten_Island","http://dbpedia.org/resource/Brooklyn","3"
"http://dbpedia.org/resource/Louisville_City_FC","http://dbpedia.org/resource/Brownsboro_Farm,_Kentucky","3"
"http://dbpedia.org/resource/Springfield,_Ohio","http://dbpedia.org/resource/Chicago","3"
"http://dbpedia.org/resource/Oxford","http://dbpedia.org/resource/Darrtown,_Ohio","3"
"http://dbpedia.org/resource/Richmond,_Virginia","http://dbpedia.org/resource/East_Haven,_Angus","3"
"http://dbpedia.org/resource/Lexington,_Kentucky","http://dbpedia.org/resource/Edmund_Lowe","3"
"http://dbpedia.org/resource/Cincinnati","http://dbpedia.org/resource/Fairmont,_Minnesota","3"
"http://dbpedia.org/resource/Charleston_Battery","http://dbpedia.org/resource/Fayette_County,_West_Virginia","3"
"http://dbpedia.org/resource/Orlando_Magic","http://dbpedia.org/resource/Florida","3"
"http://dbpedia.org/resource/Altamonte_Springs_station","http://dbpedia.org/resource/Florida","3"
"http://dbpedia.org/resource/Kirkland_Lake","http://dbpedia.org/resource/Kingsgate,_Dunfermline","3"
"http://dbpedia.org/resource/Salt_Lake_City_International_Airport","http://dbpedia.org/resource/List_of_annual_meetings_of_the_Society_for_the_Advancement_of_Scandinavian_Study","3"
"http://dbpedia.org/resource/Missoula_floods","http://dbpedia.org/resource/Malta","3"
"http://dbpedia.org/resource/Framingham_station","http://dbpedia.org/resource/Massachusetts","3"
"http://dbpedia.org/resource/Newark-on-Trent","http://dbpedia.org/resource/Midtown_Miami","3"
"http://dbpedia.org/resource/Milwaukee","http://dbpedia.org/resource/Milwaukee","3"
"http://dbpedia.org/resource/Henderson,_Texas","http://dbpedia.org/resource/Nevada","3"
"http://dbpedia.org/resource/Auburn,_Maine","http://dbpedia.org/resource/Normandie-Maine_Regional_Natural_Park","3"
"http://dbpedia.org/resource/Mount_Laurel_doctrine","http://dbpedia.org/resource/North_Union_Township,_Fayette_County,_Pennsylvania","3"
"http://dbpedia.org/resource/White_Plains,_New_York","http://dbpedia.org/resource/North_White_Plains_station","3"
"http://dbpedia.org/resource/Fairfield_University","http://dbpedia.org/resource/Norwalk,_Connecticut","3"
"http://dbpedia.org/resource/Kent","http://dbpedia.org/resource/Ohio","3"
"http://dbpedia.org/resource/Toyota_Corona","http://dbpedia.org/resource/Ontario","3"
"http://dbpedia.org/resource/Lake_Erie","http://dbpedia.org/resource/Pennsylvania","3"
"http://dbpedia.org/resource/Pottstown_station","http://dbpedia.org/resource/Pennsylvania","3"
"http://dbpedia.org/resource/Astoria,_Oregon","http://dbpedia.org/resource/Queens","3"
"http://dbpedia.org/resource/Lancaster_City_F.C.","http://dbpedia.org/resource/Ridge_Manor,_Florida","3"
"http://dbpedia.org/resource/Middletown,_Ohio","http://dbpedia.org/resource/Rio_de_Janeiro","3"
"http://dbpedia.org/resource/Manitou_Springs,_Colorado","http://dbpedia.org/resource/Spinnin'_Records","3"
"http://dbpedia.org/resource/Saint_Petersburg","http://dbpedia.org/resource/St._Pete_Beach,_Florida","3"
"http://dbpedia.org/resource/Nashville_Predators","http://dbpedia.org/resource/Tennessee","3"
"http://dbpedia.org/resource/San_Antonio","http://dbpedia.org/resource/Texas","3"
"http://dbpedia.org/resource/Dallas","http://dbpedia.org/resource/Texas","3"
"http://dbpedia.org/resource/Ashland,_Ohio","http://dbpedia.org/resource/Virginia","3"
"http://dbpedia.org/resource/Bloomington_Edge","http://www.city.ac.uk/ds/inm713/feiphoon#in","3"
"http://dbpedia.org/resource/Salem,_Oregon","http://www.city.ac.uk/ds/inm713/feiphoon#or","3"
"http://dbpedia.org/resource/Bend,_Oregon","http://www.city.ac.uk/ds/inm713/feiphoon#or","3"
"http://dbpedia.org/resource/Duluth,_Georgia","http://dbpedia.org/resource/Atlanta","2"
"http://dbpedia.org/resource/Augusta,_Maine","http://dbpedia.org/resource/Atlanta","2"
"http://dbpedia.org/resource/Port_Angeles,_Washington","http://dbpedia.org/resource/Baxter_Estates,_New_York","2"
"http://dbpedia.org/resource/Aretha_Franklin","http://dbpedia.org/resource/Bengal","2"
"http://dbpedia.org/resource/Buffalo_Bills","http://dbpedia.org/resource/Brooklyn","2"
"http://dbpedia.org/resource/Niagara_Falls_station_(New_York)","http://dbpedia.org/resource/Brooklyn","2"
"http://dbpedia.org/resource/Bolingbrook,_Illinois","http://dbpedia.org/resource/Chicago","2"
"http://dbpedia.org/resource/John_Addison","http://dbpedia.org/resource/Chicago","2"
"http://dbpedia.org/resource/Homer_Glen,_Illinois","http://dbpedia.org/resource/Chicago","2"
"http://dbpedia.org/resource/Freeport,_Maine","http://dbpedia.org/resource/Chicago","2"
"http://dbpedia.org/resource/Lockport_Locks","http://dbpedia.org/resource/Chicago","2"
"http://dbpedia.org/resource/Aurora_F.C.","http://dbpedia.org/resource/Colombia","2"
"http://dbpedia.org/resource/Arvada_Chorale","http://dbpedia.org/resource/Colombia","2"
"http://dbpedia.org/resource/Endicott_Peabody","http://dbpedia.org/resource/Crestview_Heights,_Indiana","2"
"http://dbpedia.org/resource/Birmingham","http://dbpedia.org/resource/Detroit","2"
"http://dbpedia.org/resource/New_Orleans","http://dbpedia.org/resource/Estudiantes_de_La_Plata","2"
"http://dbpedia.org/resource/Miami","http://dbpedia.org/resource/Florida","2"
"http://dbpedia.org/resource/Pompano_Beach_station","http://dbpedia.org/resource/Florida","2"
"http://dbpedia.org/resource/Miami_Beach,_Florida","http://dbpedia.org/resource/Florida","2"
"http://dbpedia.org/resource/Jacksonville_Sharks","http://dbpedia.org/resource/Florida","2"
"http://dbpedia.org/resource/City_of_Maitland","http://dbpedia.org/resource/Florida","2"
"http://dbpedia.org/resource/Memphis_Rogues","http://dbpedia.org/resource/GPS_Portland_Phoenix","2"
"http://dbpedia.org/resource/Greensboro_Swarm","http://dbpedia.org/resource/Guilford_Courthouse_National_Military_Park","2"
"http://dbpedia.org/resource/Wichita_Wings","http://dbpedia.org/resource/Górnik_Zabrze","2"
"http://dbpedia.org/resource/Winston-Salem_Dash","http://dbpedia.org/resource/Hanes","2"
"http://dbpedia.org/resource/Grinnell,_Iowa","http://dbpedia.org/resource/Iowa","2"
"http://dbpedia.org/resource/Islip,_New_York","http://dbpedia.org/resource/Islip_Manor_Meadows","2"
"http://dbpedia.org/resource/Hickory","http://dbpedia.org/resource/Longview,_Texas","2"
"http://dbpedia.org/resource/Wheeling_Nailers","http://dbpedia.org/resource/Maria_Anna_Mozart","2"
"http://dbpedia.org/resource/Westminster","http://dbpedia.org/resource/Maryland","2"
"http://dbpedia.org/resource/Essex","http://dbpedia.org/resource/Maryland","2"
"http://dbpedia.org/resource/Bayonne","http://dbpedia.org/resource/María_Parado_de_Bellido","2"
"http://dbpedia.org/resource/Carol_Danvers","http://dbpedia.org/resource/Massachusetts","2"
"http://dbpedia.org/resource/Marblehead,_Ohio","http://dbpedia.org/resource/Massachusetts","2"
"http://dbpedia.org/resource/Burlington,_Iowa","http://dbpedia.org/resource/Massachusetts","2"
"http://dbpedia.org/resource/Kernersville_Depot","http://dbpedia.org/resource/Matthewstown_Passage_Tomb","2"
"http://dbpedia.org/resource/Albany,_Georgia","http://dbpedia.org/resource/McKownville,_New_York","2"
"http://dbpedia.org/resource/Wausau,_Wisconsin","http://dbpedia.org/resource/Milwaukee","2"
"http://dbpedia.org/resource/Detroit_Lakes_station","http://dbpedia.org/resource/Minnesota","2"
"http://dbpedia.org/resource/Mankato,_Kansas","http://dbpedia.org/resource/Minnesota","2"
"http://dbpedia.org/resource/East_Greenwich,_Rhode_Island","http://dbpedia.org/resource/Moon_So-ri","2"
"http://dbpedia.org/resource/Newport,_Wales","http://dbpedia.org/resource/Moon_So-ri","2"
"http://dbpedia.org/resource/Bristol","http://dbpedia.org/resource/Moon_So-ri","2"
"http://dbpedia.org/resource/Providence_Bruins","http://dbpedia.org/resource/Moon_So-ri","2"
"http://dbpedia.org/resource/Clifton_Parker","http://dbpedia.org/resource/NJ_Transit","2"
"http://dbpedia.org/resource/Allentown_Jets","http://dbpedia.org/resource/NJ_Transit","2"
"http://dbpedia.org/resource/Englishtown,_New_Jersey","http://dbpedia.org/resource/NJ_Transit","2"
"http://dbpedia.org/resource/Morristown,_Vermont","http://dbpedia.org/resource/NJ_Transit","2"
"http://dbpedia.org/resource/James_Madison","http://dbpedia.org/resource/NJ_Transit","2"
"http://dbpedia.org/resource/Long_Beach,_New_York","http://dbpedia.org/resource/Naples","2"
"http://dbpedia.org/resource/Lincolnshire","http://dbpedia.org/resource/Ne-Yo","2"
"http://dbpedia.org/resource/Union_Omaha","http://dbpedia.org/resource/Ne-Yo","2"
"http://dbpedia.org/resource/Brian_Wilson","http://dbpedia.org/resource/North_Carolina","2"
"http://dbpedia.org/resource/Charlotte_Sting","http://dbpedia.org/resource/North_Carolina","2"
"http://dbpedia.org/resource/Milford,_Delaware","http://dbpedia.org/resource/Norwalk,_Connecticut","2"
"http://dbpedia.org/resource/Manchester","http://dbpedia.org/resource/Norwalk,_Connecticut","2"
"http://dbpedia.org/resource/Bloomfield_Road","http://dbpedia.org/resource/Norwalk,_Connecticut","2"
"http://dbpedia.org/resource/Oklahoma_City","http://dbpedia.org/resource/OK_Go","2"
"http://dbpedia.org/resource/Findlay,_Ohio","http://dbpedia.org/resource/Ohio","2"
"http://dbpedia.org/resource/Encinitas_station","http://dbpedia.org/resource/Olivenhain_Dam","2"
"http://dbpedia.org/resource/Chatsworth_House","http://dbpedia.org/resource/Ontario","2"
"http://dbpedia.org/resource/Palm_Desert_Scene","http://dbpedia.org/resource/Ontario","2"
"http://dbpedia.org/resource/Yucaipa_Companies","http://dbpedia.org/resource/Ontario","2"
"http://dbpedia.org/resource/San_Francisco","http://dbpedia.org/resource/Ontario","2"
"http://dbpedia.org/resource/Jesse_Ventura","http://dbpedia.org/resource/Ontario","2"
"http://dbpedia.org/resource/Modesto_Nuts","http://dbpedia.org/resource/Ontario","2"
"http://dbpedia.org/resource/Irvine,_California","http://dbpedia.org/resource/Ontario","2"
"http://dbpedia.org/resource/Sacramento_Kings","http://dbpedia.org/resource/Ontario","2"
"http://dbpedia.org/resource/Thousand_Oaks_shooting","http://dbpedia.org/resource/Ontario","2"
"http://dbpedia.org/resource/Battle_of_Palo_Alto","http://dbpedia.org/resource/Ontario","2"
"http://dbpedia.org/resource/Santa_Cruz,_California","http://dbpedia.org/resource/Paradise_Park_(mall)","2"
"http://dbpedia.org/resource/Kingdom_of_Prussia","http://dbpedia.org/resource/Pennsylvania","2"
"http://dbpedia.org/resource/Shrewsbury","http://dbpedia.org/resource/Pennsylvania","2"
"http://dbpedia.org/resource/West_Chester_University","http://dbpedia.org/resource/Pennsylvania","2"
"http://dbpedia.org/resource/State_College,_Pennsylvania","http://dbpedia.org/resource/Pennsylvania","2"
"http://dbpedia.org/resource/Bethlehem","http://dbpedia.org/resource/Pennsylvania","2"
"http://dbpedia.org/resource/Plymouth","http://dbpedia.org/resource/Pennsylvania","2"
"http://dbpedia.org/resource/Long_Island_City","http://dbpedia.org/resource/Queens","2"
"http://dbpedia.org/resource/Union_Army","http://dbpedia.org/resource/Rex_Townley","2"
"http://dbpedia.org/resource/Westwood_One","http://dbpedia.org/resource/Rivervale,_Arkansas","2"
"http://dbpedia.org/resource/Bill_Pullman","http://dbpedia.org/resource/Seattle","2"
"http://dbpedia.org/resource/Grande_Prairie","http://dbpedia.org/resource/Texas","2"
"http://dbpedia.org/resource/Cedar_Park,_Texas","http://dbpedia.org/resource/Texas","2"
"http://dbpedia.org/resource/Bryan–College_Station","http://dbpedia.org/resource/Texas","2"
"http://dbpedia.org/resource/Grapevine,_Texas","http://dbpedia.org/resource/Texas","2"
"http://dbpedia.org/resource/Southlake,_Texas","http://dbpedia.org/resource/Texas","2"
"http://dbpedia.org/resource/Pasadena,_Texas","http://dbpedia.org/resource/Texas","2"
"http://dbpedia.org/resource/McAllen,_Texas","http://dbpedia.org/resource/Texas","2"
"http://dbpedia.org/resource/Trenton,_Ontario","http://dbpedia.org/resource/Treaty_of_Brownstown","2"
"http://dbpedia.org/resource/Bob_Layton","http://dbpedia.org/resource/Utah","2"
"http://dbpedia.org/resource/Hilton_Head_Island,_South_Carolina","http://dbpedia.org/resource/Vasas_SC","2"
"http://dbpedia.org/resource/Dayton,_Ohio","http://dbpedia.org/resource/Washington_Township","2"
"http://dbpedia.org/resource/Stillwater,_Oklahoma","http://www.city.ac.uk/ds/inm713/feiphoon#oak_park_hts","2"
"http://dbpedia.org/resource/Hollywood","http://www.city.ac.uk/ds/inm713/feiphoon#pembroke_pnes","2"
"http://dbpedia.org/resource/Mobile_game","http://dbpedia.org/resource/Algeria","1"
"http://dbpedia.org/resource/Bernard_Montgomery","http://dbpedia.org/resource/Algeria","1"
"http://dbpedia.org/resource/Snohomish,_Washington","http://dbpedia.org/resource/Anderson_County_Courthouse_(Kansas)","1"
"http://dbpedia.org/resource/Loveland_frog","http://dbpedia.org/resource/Andrew_Murdock","1"
"http://dbpedia.org/resource/Glendale,_Ohio","http://dbpedia.org/resource/Arizona","1"
"http://dbpedia.org/resource/Chas_Chandler","http://dbpedia.org/resource/Arizona","1"
"http://dbpedia.org/resource/Hank_Williams","http://dbpedia.org/resource/Arizona","1"
"http://dbpedia.org/resource/Norm_Prescott","http://dbpedia.org/resource/Arizona","1"
"http://dbpedia.org/resource/Sedona,_Arizona","http://dbpedia.org/resource/Arizona","1"
"http://dbpedia.org/resource/Prescott_Valley,_Arizona","http://dbpedia.org/resource/Arizona","1"
"http://dbpedia.org/resource/Lake_Havasu_City_Airport","http://dbpedia.org/resource/Arizona","1"
"http://dbpedia.org/resource/Cave_Creek,_Arizona","http://dbpedia.org/resource/Arizona","1"
"http://dbpedia.org/resource/Vale_of_Tempe","http://dbpedia.org/resource/Arizona","1"
"http://dbpedia.org/resource/Show_Low_Lake","http://dbpedia.org/resource/Arizona","1"
"http://dbpedia.org/resource/Flagstaff_War","http://dbpedia.org/resource/Arizona","1"
"http://dbpedia.org/resource/Americus,_Georgia","http://dbpedia.org/resource/Atlanta","1"
"http://dbpedia.org/resource/Neal_McDonough","http://dbpedia.org/resource/Atlanta","1"
"http://dbpedia.org/resource/Stockbridge,_Georgia","http://dbpedia.org/resource/Atlanta","1"
"http://dbpedia.org/resource/Kennesaw,_Georgia","http://dbpedia.org/resource/Atlanta","1"
"http://dbpedia.org/resource/Athens","http://dbpedia.org/resource/Atlanta","1"
"http://dbpedia.org/resource/Katy_Perry","http://dbpedia.org/resource/Atlanta","1"
"http://dbpedia.org/resource/Lawrenceville_School","http://dbpedia.org/resource/Atlanta","1"
"http://dbpedia.org/resource/Sabal_palmetto","http://dbpedia.org/resource/Atlanta","1"
"http://dbpedia.org/resource/Blowing_Rock,_Virginia","http://dbpedia.org/resource/Bamboo","1"
"http://dbpedia.org/resource/Marlton_School","http://dbpedia.org/resource/Battle_of_Evesham","1"
"http://dbpedia.org/resource/Penn_State_Wilkes-Barre","http://dbpedia.org/resource/Birds_of_Prey_(TV_series)","1"
"http://dbpedia.org/resource/FC_Santa_Clarita","http://dbpedia.org/resource/Bouquet_Canyon,_California","1"
"http://dbpedia.org/resource/Bowie_Lam","http://dbpedia.org/resource/Bowie,_Maryland","1"
"http://dbpedia.org/resource/Mechanicsburg,_Ohio","http://dbpedia.org/resource/Brandsville,_Missouri","1"
"http://dbpedia.org/resource/Massapequa,_New_York","http://dbpedia.org/resource/Brooklyn","1"
"http://dbpedia.org/resource/Mount_Kisco_station","http://dbpedia.org/resource/Brooklyn","1"
"http://dbpedia.org/resource/Campbell_Hall","http://dbpedia.org/resource/Brooklyn","1"
"http://dbpedia.org/resource/Pound_Ridge_massacre","http://dbpedia.org/resource/Brooklyn","1"
"http://dbpedia.org/resource/Asplenium_ceterach","http://dbpedia.org/resource/Brooklyn","1"
"http://dbpedia.org/resource/Westbury-on-Trym","http://dbpedia.org/resource/Brooklyn","1"
"http://dbpedia.org/resource/Hyde_Park,_Boston","http://dbpedia.org/resource/Brooklyn","1"
"http://dbpedia.org/resource/Waverly,_Iowa","http://dbpedia.org/resource/Brooklyn","1"
"http://dbpedia.org/resource/Rye","http://dbpedia.org/resource/Brooklyn","1"
"http://dbpedia.org/resource/Battle_of_Forts_Clinton_and_Montgomery","http://dbpedia.org/resource/Brooklyn","1"
"http://dbpedia.org/resource/Nanuet_station","http://dbpedia.org/resource/Brooklyn","1"
"http://dbpedia.org/resource/Grand_Island,_Nebraska","http://dbpedia.org/resource/Brooklyn","1"
"http://dbpedia.org/resource/Pearl_River_Delta","http://dbpedia.org/resource/Brooklyn","1"
"http://dbpedia.org/resource/Woodbury,_Minnesota","http://dbpedia.org/resource/Brooklyn","1"
"http://dbpedia.org/resource/Amherst_College","http://dbpedia.org/resource/Brownhelm_Township,_Lorain_County,_Ohio","1"
"http://dbpedia.org/resource/Williston_School","http://dbpedia.org/resource/Burlington,_Vermont","1"
"http://dbpedia.org/resource/Joliet,_Montana","http://dbpedia.org/resource/Burnside,_South_Lanarkshire","1"
"http://dbpedia.org/resource/Coraopolis_Bridge","http://dbpedia.org/resource/Cagliari","1"
"http://dbpedia.org/resource/Audubon,_Iowa","http://dbpedia.org/resource/Camden,_New_Jersey","1"
"http://dbpedia.org/resource/Central_European_Time","http://dbpedia.org/resource/Camden,_South_Carolina","1"
"http://dbpedia.org/resource/Grand_Rapids_Drive","http://dbpedia.org/resource/Cascade_Range","1"
"http://dbpedia.org/resource/Evergreen_Park,_Illinois","http://dbpedia.org/resource/Chicago","1"
"http://dbpedia.org/resource/Peoria_Heights,_Illinois","http://dbpedia.org/resource/Chicago","1"
"http://dbpedia.org/resource/Berwyn_range","http://dbpedia.org/resource/Chicago","1"
"http://dbpedia.org/resource/Minooka_station","http://dbpedia.org/resource/Chicago","1"
"http://dbpedia.org/resource/Social_justice","http://dbpedia.org/resource/Chicago","1"
"http://dbpedia.org/resource/Frankfurt","http://dbpedia.org/resource/Chicago","1"
"http://dbpedia.org/resource/Chicago_Ridge_Mall","http://dbpedia.org/resource/Chicago","1"
"http://dbpedia.org/resource/Tinley_Park_station","http://dbpedia.org/resource/Chicago","1"
"http://dbpedia.org/resource/Midlothian","http://dbpedia.org/resource/Chicago","1"
"http://dbpedia.org/resource/Palatine,_Illinois","http://dbpedia.org/resource/Chicago","1"
"http://dbpedia.org/resource/North_Aurora,_Illinois","http://dbpedia.org/resource/Chicago","1"
"http://dbpedia.org/resource/Lisle,_Illinois","http://dbpedia.org/resource/Chicago","1"
"http://dbpedia.org/resource/Peoria,_Arizona","http://dbpedia.org/resource/Chicago","1"
"http://dbpedia.org/resource/Buffalo_Grove_ambush","http://dbpedia.org/resource/Chicago","1"
"http://dbpedia.org/resource/Chatham-Kent","http://dbpedia.org/resource/Chicago","1"
"http://dbpedia.org/resource/Glenview_station","http://dbpedia.org/resource/Chicago","1"
"http://dbpedia.org/resource/Urbana,_Ohio","http://dbpedia.org/resource/Chicago","1"
"http://dbpedia.org/resource/Rockford_IceHogs","http://dbpedia.org/resource/Chicago","1"
"http://dbpedia.org/resource/Mount_Prospect_Park","http://dbpedia.org/resource/Chicago","1"
"http://dbpedia.org/resource/Joseph_Lyons","http://dbpedia.org/resource/Chicago","1"
"http://dbpedia.org/resource/Woodridge,_Illinois","http://dbpedia.org/resource/Chicago","1"
"http://dbpedia.org/resource/Palos_Verdes_Hills","http://dbpedia.org/resource/Chicago","1"
"http://dbpedia.org/resource/Highwood_River","http://dbpedia.org/resource/Chicago","1"
"http://dbpedia.org/resource/Decatur,_Texas","http://dbpedia.org/resource/Chicago","1"
"http://dbpedia.org/resource/Lombardy","http://dbpedia.org/resource/Chicago","1"
"http://dbpedia.org/resource/Oak_Park,_Illinois","http://dbpedia.org/resource/Chicago","1"
"http://dbpedia.org/resource/Skokie_(rocket)","http://dbpedia.org/resource/Chicago","1"
"http://dbpedia.org/resource/River_Grove_station","http://dbpedia.org/resource/Chicago","1"
"http://dbpedia.org/resource/Galena","http://dbpedia.org/resource/Chicago","1"
"http://dbpedia.org/resource/Pound_sterling","http://dbpedia.org/resource/Chicago","1"
"http://dbpedia.org/resource/Godfrey_Ho","http://dbpedia.org/resource/Chicago","1"
"http://dbpedia.org/resource/Elgin,_Moray","http://dbpedia.org/resource/Chicago","1"
"http://dbpedia.org/resource/Vernon_Hills_station","http://dbpedia.org/resource/Chicago","1"
"http://dbpedia.org/resource/Chesterfield","http://dbpedia.org/resource/Clarkson_Valley,_Missouri","1"
"http://dbpedia.org/resource/Cherry_Hill,_New_Jersey","http://dbpedia.org/resource/Colestown_Cemetery,_Cherry_Hill_Township","1"
"http://dbpedia.org/resource/Williamstown,_Vermont","http://dbpedia.org/resource/Collings_Lakes,_New_Jersey","1"
"http://dbpedia.org/resource/Evergreen_State_College","http://dbpedia.org/resource/Colombia","1"
"http://dbpedia.org/resource/Soda_Springs,_Idaho","http://dbpedia.org/resource/Colombia","1"
"http://dbpedia.org/resource/John_Berthoud","http://dbpedia.org/resource/Colombia","1"
"http://dbpedia.org/resource/Littleton_Groom","http://dbpedia.org/resource/Colombia","1"
"http://dbpedia.org/resource/Johnstown_Chiefs","http://dbpedia.org/resource/Colombia","1"
"http://dbpedia.org/resource/Fort_Collins,_Colorado","http://dbpedia.org/resource/Colombia","1"
"http://dbpedia.org/resource/James_A._Garfield","http://dbpedia.org/resource/David_Ritz","1"
"http://dbpedia.org/resource/Dover","http://dbpedia.org/resource/Davidsburg,_Pennsylvania","1"
"http://dbpedia.org/resource/Saint_James,_Barbados","http://dbpedia.org/resource/Dee_Wells","1"
"http://dbpedia.org/resource/AS_Excelsior","http://dbpedia.org/resource/Deephaven,_Minnesota","1"
"http://dbpedia.org/resource/Novi_Sad","http://dbpedia.org/resource/Detroit","1"
"http://dbpedia.org/resource/Detroit","http://dbpedia.org/resource/Detroit","1"
"http://dbpedia.org/resource/Cadillac","http://dbpedia.org/resource/Detroit","1"
"http://dbpedia.org/resource/Marquette,_Michigan","http://dbpedia.org/resource/Detroit","1"
"http://dbpedia.org/resource/White_Rock_Lake","http://dbpedia.org/resource/Detroit","1"
"http://dbpedia.org/resource/Fruitport,_Michigan","http://dbpedia.org/resource/Detroit","1"
"http://dbpedia.org/resource/Robert_Redford","http://dbpedia.org/resource/Detroit","1"
"http://dbpedia.org/resource/Utica_Comets","http://dbpedia.org/resource/Detroit","1"
"http://dbpedia.org/resource/Houghton,_Michigan","http://dbpedia.org/resource/Detroit","1"
"http://dbpedia.org/resource/New_Southgate","http://dbpedia.org/resource/Detroit","1"
"http://dbpedia.org/resource/Betty_Bronson","http://dbpedia.org/resource/Detroit","1"
"http://dbpedia.org/resource/Henry_Dearborn","http://dbpedia.org/resource/Detroit","1"
"http://dbpedia.org/resource/Benny_Fenton","http://dbpedia.org/resource/Detroit","1"
"http://dbpedia.org/resource/Wyoming","http://dbpedia.org/resource/Detroit","1"
"http://dbpedia.org/resource/Ted_Petoskey","http://dbpedia.org/resource/Detroit","1"
"http://dbpedia.org/resource/Northville,_Michigan","http://dbpedia.org/resource/Detroit","1"
"http://dbpedia.org/resource/Drexel_Hill,_Pennsylvania","http://dbpedia.org/resource/Drexelbrook_station","1"
"http://dbpedia.org/resource/Ephrata_station","http://dbpedia.org/resource/Durlach","1"
"http://dbpedia.org/resource/Great_Barrington,_Massachusetts","http://dbpedia.org/resource/Egremont,_Massachusetts","1"
"http://dbpedia.org/resource/Unión_de_Santa_Fe","http://dbpedia.org/resource/El_Chupadero","1"
"http://dbpedia.org/resource/Middle_Village,_Queens","http://dbpedia.org/resource/Elmhurst,_Queens","1"
"http://dbpedia.org/resource/Marc_Broussard","http://dbpedia.org/resource/Estudiantes_de_La_Plata","1"
"http://dbpedia.org/resource/Farmersville,_Texas","http://dbpedia.org/resource/Estudiantes_de_La_Plata","1"
"http://dbpedia.org/resource/Bossier_City,_Louisiana","http://dbpedia.org/resource/Estudiantes_de_La_Plata","1"
"http://dbpedia.org/resource/PJ_Harvey","http://dbpedia.org/resource/Estudiantes_de_La_Plata","1"
"http://dbpedia.org/resource/Greater_New_Haven","http://dbpedia.org/resource/Fair_Haven,_Vermont","1"
"http://dbpedia.org/resource/Beckley,_West_Virginia","http://dbpedia.org/resource/Fayette_County,_West_Virginia","1"
"http://dbpedia.org/resource/ISG_Weirton_Steel","http://dbpedia.org/resource/Fayette_County,_West_Virginia","1"
"http://dbpedia.org/resource/Barboursville,_Virginia","http://dbpedia.org/resource/Fayette_County,_West_Virginia","1"
"http://dbpedia.org/resource/Sayville_station","http://dbpedia.org/resource/Fire_Island_Pines,_New_York","1"
"http://dbpedia.org/resource/Saint-Cloud","http://dbpedia.org/resource/Florida","1"
"http://dbpedia.org/resource/Murry_Bartow","http://dbpedia.org/resource/Florida","1"
"http://dbpedia.org/resource/Lehigh_Acres,_Florida","http://dbpedia.org/resource/Florida","1"
"http://dbpedia.org/resource/Lake_Nokomis","http://dbpedia.org/resource/Florida","1"
"http://dbpedia.org/resource/Kissimmee_River","http://dbpedia.org/resource/Florida","1"
"http://dbpedia.org/resource/West_Palm_Beach_station","http://dbpedia.org/resource/Florida","1"
"http://dbpedia.org/resource/Destin,_Florida","http://dbpedia.org/resource/Florida","1"
"http://dbpedia.org/resource/Belleview_station","http://dbpedia.org/resource/Florida","1"
"http://dbpedia.org/resource/Palm_Coast,_Florida","http://dbpedia.org/resource/Florida","1"
"http://dbpedia.org/resource/North_Port,_Florida","http://dbpedia.org/resource/Florida","1"
"http://dbpedia.org/resource/Stuart_Paton","http://dbpedia.org/resource/Florida","1"
"http://dbpedia.org/resource/Dunedin","http://dbpedia.org/resource/Florida","1"
"http://dbpedia.org/resource/Naples","http://dbpedia.org/resource/Florida","1"
"http://dbpedia.org/resource/Ocala,_Florida","http://dbpedia.org/resource/Florida","1"
"http://dbpedia.org/resource/Gainesville,_Texas","http://dbpedia.org/resource/Florida","1"
"http://dbpedia.org/resource/Arcadia","http://dbpedia.org/resource/Florida","1"
"http://dbpedia.org/resource/Bradenton_Beach,_Florida","http://dbpedia.org/resource/Florida","1"
"http://dbpedia.org/resource/Punta_Gorda,_Belize","http://dbpedia.org/resource/Florida","1"
"http://dbpedia.org/resource/Alachua,_Florida","http://dbpedia.org/resource/Florida","1"
"http://dbpedia.org/resource/Broward_County,_Florida","http://dbpedia.org/resource/Florida","1"
"http://dbpedia.org/resource/Clearwater,_Florida","http://dbpedia.org/resource/Florida","1"
"http://dbpedia.org/resource/Margaret_Deland","http://dbpedia.org/resource/Florida","1"
"http://dbpedia.org/resource/Sarasota,_Florida","http://dbpedia.org/resource/Florida","1"
"http://dbpedia.org/resource/Covington,_Georgia","http://dbpedia.org/resource/Forest_Lawn_Memorial_Park_(Hollywood_Hills)","1"
"http://dbpedia.org/resource/A._J._Ayer","http://dbpedia.org/resource/Fort_Devens","1"
"http://dbpedia.org/resource/Mount_Carmel","http://dbpedia.org/resource/Friendsville,_Ohio","1"
"http://dbpedia.org/resource/Schwenksville,_Pennsylvania","http://dbpedia.org/resource/Fruitville,_Florida","1"
"http://dbpedia.org/resource/Amsterdam","http://dbpedia.org/resource/Glenville,_West_Virginia","1"
"http://dbpedia.org/resource/Bellmawr,_New_Jersey","http://dbpedia.org/resource/Gloucester","1"
"http://dbpedia.org/resource/Fairbanks-Morse","http://dbpedia.org/resource/Grazer_AK","1"
"http://dbpedia.org/resource/Little_Falls,_Minnesota","http://dbpedia.org/resource/Great_Lakes","1"
"http://dbpedia.org/resource/West_Haven,_Utah","http://dbpedia.org/resource/Greater_New_Haven","1"
"http://dbpedia.org/resource/Olathe,_Kansas","http://dbpedia.org/resource/Górnik_Zabrze","1"
"http://dbpedia.org/resource/Andover_F.C.","http://dbpedia.org/resource/Górnik_Zabrze","1"
"http://dbpedia.org/resource/African_paradise_flycatcher","http://dbpedia.org/resource/Harristown,_Illinois","1"
"http://dbpedia.org/resource/Osseo,_Minnesota","http://dbpedia.org/resource/Hassan_Rouhani","1"
"http://dbpedia.org/resource/Kamuela_Kahoano","http://dbpedia.org/resource/Hindi","1"
"http://dbpedia.org/resource/Rayville,_Kansas","http://dbpedia.org/resource/Holly_Ridge,_North_Carolina","1"
"http://dbpedia.org/resource/Jefferson_City,_Missouri","http://dbpedia.org/resource/Honey_Creek,_Sauk_County,_Wisconsin","1"
"http://dbpedia.org/resource/Stoke_Newington","http://dbpedia.org/resource/Huddersfield_Town_A.F.C.","1"
"http://dbpedia.org/resource/Hartford_Whalers","http://dbpedia.org/resource/Huddersfield_Town_A.F.C.","1"
"http://dbpedia.org/resource/Coeur_d'Alene_River","http://dbpedia.org/resource/Huetter,_Idaho","1"
"http://dbpedia.org/resource/Eagle-Lion_Films","http://dbpedia.org/resource/Indonesia","1"
"http://dbpedia.org/resource/Boise_River","http://dbpedia.org/resource/Indonesia","1"
"http://dbpedia.org/resource/Des_Moines_metropolitan_area","http://dbpedia.org/resource/Iowa","1"
"http://dbpedia.org/resource/Sioux_City,_Iowa","http://dbpedia.org/resource/Iowa","1"
"http://dbpedia.org/resource/Marshalltown,_Iowa","http://dbpedia.org/resource/Iowa","1"
"http://dbpedia.org/resource/Davenport,_Iowa","http://dbpedia.org/resource/Iowa","1"
"http://dbpedia.org/resource/Janet_Jackson","http://dbpedia.org/resource/Jackson_Hole","1"
"http://dbpedia.org/resource/Bridgeport_&_Port_Jefferson_Ferry","http://dbpedia.org/resource/Jeffersonville_station","1"
"http://dbpedia.org/resource/Joppa_Road","http://dbpedia.org/resource/Joppatowne,_Maryland","1"
"http://dbpedia.org/resource/Greater_Hartford","http://dbpedia.org/resource/Julius_Nyerere_International_Airport","1"
"http://dbpedia.org/resource/Fort_Myers,_Florida","http://dbpedia.org/resource/KK_FMP_(1991–2011)","1"
"http://dbpedia.org/resource/Bowling_Green,_Ohio","http://dbpedia.org/resource/Kentucky","1"
"http://dbpedia.org/resource/Lawrence_Township,_New_Jersey","http://dbpedia.org/resource/Lawrenceville_School","1"
"http://dbpedia.org/resource/Lewis_Hamilton","http://dbpedia.org/resource/Lebanon,_New_York","1"
"http://dbpedia.org/resource/Fort_Lee_lane_closure_scandal","http://dbpedia.org/resource/Leo_Fortune-West","1"
"http://dbpedia.org/resource/Daws_Butler","http://dbpedia.org/resource/List_of_lakes_in_Fallon_County,_Montana","1"
"http://dbpedia.org/resource/San_Juan,_Argentina","http://dbpedia.org/resource/List_of_minor_planets:_14001–15000","1"
"http://dbpedia.org/resource/Lake_of_the_Ozarks","http://dbpedia.org/resource/List_of_minor_planets:_49001–50000","1"
"http://dbpedia.org/resource/South_Portland,_Maine","http://dbpedia.org/resource/List_of_parks_in_Portland,_Oregon","1"
"http://dbpedia.org/resource/Mastic_Beach,_New_York","http://dbpedia.org/resource/List_of_villages_in_New_York_(state)","1"
"http://dbpedia.org/resource/USS_Mahopac","http://dbpedia.org/resource/Mahopac,_New_York","1"
"http://dbpedia.org/resource/Bozeman,_Montana","http://dbpedia.org/resource/Malta","1"
"http://dbpedia.org/resource/Billings_Outlaws","http://dbpedia.org/resource/Malta","1"
"http://dbpedia.org/resource/Whitestone_Branch","http://dbpedia.org/resource/Malta_national_football_team","1"
"http://dbpedia.org/resource/Margate_City_Schools","http://dbpedia.org/resource/Margate","1"
"http://dbpedia.org/resource/Kensington","http://dbpedia.org/resource/Maryland","1"
"http://dbpedia.org/resource/Stan_Laurel","http://dbpedia.org/resource/Maryland","1"
"http://dbpedia.org/resource/Sykesville,_Maryland","http://dbpedia.org/resource/Maryland","1"
"http://dbpedia.org/resource/Reisterstown,_Maryland","http://dbpedia.org/resource/Maryland","1"
"http://dbpedia.org/resource/Frederick,_Maryland","http://dbpedia.org/resource/Maryland","1"
"http://dbpedia.org/resource/British_Columbia","http://dbpedia.org/resource/Maryland","1"
"http://dbpedia.org/resource/Grand_Falls-Windsor","http://dbpedia.org/resource/Maryland","1"
"http://dbpedia.org/resource/Frostburg,_Maryland","http://dbpedia.org/resource/Maryland","1"
"http://dbpedia.org/resource/Cockeysville_Marble","http://dbpedia.org/resource/Maryland","1"
"http://dbpedia.org/resource/Chicopee_River","http://dbpedia.org/resource/Massachusetts","1"
"http://dbpedia.org/resource/Bill_Clinton","http://dbpedia.org/resource/Massachusetts","1"
"http://dbpedia.org/resource/Peabody_Award","http://dbpedia.org/resource/Massachusetts","1"
"http://dbpedia.org/resource/Abington_Township","http://dbpedia.org/resource/Massachusetts","1"
"http://dbpedia.org/resource/Nantucket","http://dbpedia.org/resource/Massachusetts","1"
"http://dbpedia.org/resource/Wareham,_Dorset","http://dbpedia.org/resource/Massachusetts","1"
"http://dbpedia.org/resource/Brookline_High_School","http://dbpedia.org/resource/Massachusetts","1"
"http://dbpedia.org/resource/Newton_Highlands_station","http://dbpedia.org/resource/Massachusetts","1"
"http://dbpedia.org/resource/Gardner_Fox","http://dbpedia.org/resource/Massachusetts","1"
"http://dbpedia.org/resource/Falmouth,_Maine","http://dbpedia.org/resource/Massachusetts","1"
"http://dbpedia.org/resource/Stephen_Hadley","http://dbpedia.org/resource/Massachusetts","1"
"http://dbpedia.org/resource/Hyannis,_Nebraska","http://dbpedia.org/resource/Massachusetts","1"
"http://dbpedia.org/resource/Stourbridge","http://dbpedia.org/resource/Massachusetts","1"
"http://dbpedia.org/resource/North_Andover_High_School","http://dbpedia.org/resource/Massachusetts","1"
"http://dbpedia.org/resource/Hopkinton,_Iowa","http://dbpedia.org/resource/Massachusetts","1"
"http://dbpedia.org/resource/Swansea","http://dbpedia.org/resource/Massachusetts","1"
"http://dbpedia.org/resource/Boston","http://dbpedia.org/resource/Massachusetts","1"
"http://dbpedia.org/resource/Marlborough_Region","http://dbpedia.org/resource/Massachusetts","1"
"http://dbpedia.org/resource/Port_Denison_Times","http://dbpedia.org/resource/Massachusetts","1"
"http://dbpedia.org/resource/Pittsfield,_Maine","http://dbpedia.org/resource/Massachusetts","1"
"http://dbpedia.org/resource/Tyngsborough_Bridge","http://dbpedia.org/resource/Massachusetts","1"
"http://dbpedia.org/resource/Reading_F.C.","http://dbpedia.org/resource/Massachusetts","1"
"http://dbpedia.org/resource/Medway","http://dbpedia.org/resource/Massachusetts","1"
"http://dbpedia.org/resource/Waterville,_Maine","http://dbpedia.org/resource/Me_Too_movement","1"
"http://dbpedia.org/resource/Kennebunk,_Maine","http://dbpedia.org/resource/Me_Too_movement","1"
"http://dbpedia.org/resource/Great_Yarmouth","http://dbpedia.org/resource/Me_Too_movement","1"
"http://dbpedia.org/resource/Scarborough_SC","http://dbpedia.org/resource/Me_Too_movement","1"
"http://dbpedia.org/resource/Eastern_Shores_(North_Miami_Beach)","http://dbpedia.org/resource/Miami","1"
"http://dbpedia.org/resource/Sam_Roberts","http://dbpedia.org/resource/Milwaukee","1"
"http://dbpedia.org/resource/Waukesha,_Wisconsin","http://dbpedia.org/resource/Milwaukee","1"
"http://dbpedia.org/resource/Jean_Racine","http://dbpedia.org/resource/Milwaukee","1"
"http://dbpedia.org/resource/Joe_Schofield","http://dbpedia.org/resource/Milwaukee","1"
"http://dbpedia.org/resource/Spring_Creek_Park","http://dbpedia.org/resource/Minnesota","1"
"http://dbpedia.org/resource/Sartell,_Minnesota","http://dbpedia.org/resource/Minnesota","1"
"http://dbpedia.org/resource/Isanti,_Minnesota","http://dbpedia.org/resource/Minnesota","1"
"http://dbpedia.org/resource/Hattiesburg_station","http://dbpedia.org/resource/Mississippi","1"
"http://dbpedia.org/resource/Hernando_de_Soto","http://dbpedia.org/resource/Mississippi","1"
"http://dbpedia.org/resource/Southaven,_Tennessee","http://dbpedia.org/resource/Mississippi","1"
"http://dbpedia.org/resource/Camdenton,_Missouri","http://dbpedia.org/resource/Missouri","1"
"http://dbpedia.org/resource/Kansas_City_Chiefs","http://dbpedia.org/resource/Missouri","1"
"http://dbpedia.org/resource/Malcolm_Arnold","http://dbpedia.org/resource/Missouri","1"
"http://dbpedia.org/resource/Green_Bay_Packers","http://dbpedia.org/resource/Moe_Howard","1"
"http://dbpedia.org/resource/Montville,_Maine","http://dbpedia.org/resource/Montville_Township,_Ohio","1"
"http://dbpedia.org/resource/West_Warwick_Reservoir","http://dbpedia.org/resource/Moon_So-ri","1"
"http://dbpedia.org/resource/Jim_Folsom","http://dbpedia.org/resource/Mormon_Island,_California","1"
"http://dbpedia.org/resource/Pine_Plains_(CDP),_New_York","http://dbpedia.org/resource/Mount_Rose,_New_Jersey","1"
"http://dbpedia.org/resource/Murfreesboro,_Arkansas","http://dbpedia.org/resource/Murfreesboro,_Arkansas","1"
"http://dbpedia.org/resource/Moorestown,_New_Jersey","http://dbpedia.org/resource/NJ_Transit","1"
"http://dbpedia.org/resource/Brunswick_East,_Victoria","http://dbpedia.org/resource/NJ_Transit","1"
"http://dbpedia.org/resource/Hackettstown_station","http://dbpedia.org/resource/NJ_Transit","1"
"http://dbpedia.org/resource/Hazlet_station","http://dbpedia.org/resource/NJ_Transit","1"
"http://dbpedia.org/resource/Paramus_Park","http://dbpedia.org/resource/NJ_Transit","1"
"http://dbpedia.org/resource/J.P._Pennington","http://dbpedia.org/resource/NJ_Transit","1"
"http://dbpedia.org/resource/Becky_Skillman","http://dbpedia.org/resource/NJ_Transit","1"
"http://dbpedia.org/resource/Weehawken_Cove","http://dbpedia.org/resource/NJ_Transit","1"
"http://dbpedia.org/resource/Sicklerville,_New_Jersey","http://dbpedia.org/resource/NJ_Transit","1"
"http://dbpedia.org/resource/New_Brunswick","http://dbpedia.org/resource/NJ_Transit","1"
"http://dbpedia.org/resource/Northfield,_Vermont","http://dbpedia.org/resource/NJ_Transit","1"
"http://dbpedia.org/resource/Merchantville_Formation","http://dbpedia.org/resource/NJ_Transit","1"
"http://dbpedia.org/resource/Saddle_Brook,_New_Jersey","http://dbpedia.org/resource/NJ_Transit","1"
"http://dbpedia.org/resource/Denville_Hall","http://dbpedia.org/resource/NJ_Transit","1"
"http://dbpedia.org/resource/Battle_of_Compton's_Ferry","http://dbpedia.org/resource/NJ_Transit","1"
"http://dbpedia.org/resource/Piscataway","http://dbpedia.org/resource/NJ_Transit","1"
"http://dbpedia.org/resource/Mercury_Montclair","http://dbpedia.org/resource/NJ_Transit","1"
"http://dbpedia.org/resource/Edith_Wharton","http://dbpedia.org/resource/NJ_Transit","1"
"http://dbpedia.org/resource/Whippany,_New_Jersey","http://dbpedia.org/resource/NJ_Transit","1"
"http://dbpedia.org/resource/List_of_King_of_the_Hill_characters","http://dbpedia.org/resource/NJ_Transit","1"
"http://dbpedia.org/resource/White_House_station","http://dbpedia.org/resource/NJ_Transit","1"
"http://dbpedia.org/resource/Alvin_Wyckoff","http://dbpedia.org/resource/NJ_Transit","1"
"http://dbpedia.org/resource/Parlin,_New_Jersey","http://dbpedia.org/resource/NJ_Transit","1"
"http://dbpedia.org/resource/Rahway_station","http://dbpedia.org/resource/NJ_Transit","1"
"http://dbpedia.org/resource/Nike_Hoop_Summit","http://dbpedia.org/resource/NJ_Transit","1"
"http://dbpedia.org/resource/Califone","http://dbpedia.org/resource/NJ_Transit","1"
"http://dbpedia.org/resource/Berkeley_Heights_station","http://dbpedia.org/resource/NJ_Transit","1"
"http://dbpedia.org/resource/Cliffside_Park,_New_Jersey","http://dbpedia.org/resource/NJ_Transit","1"
"http://dbpedia.org/resource/Maple_Shade_High_School","http://dbpedia.org/resource/NJ_Transit","1"
"http://dbpedia.org/resource/Windsor,_Ontario","http://dbpedia.org/resource/NJ_Transit","1"
"http://dbpedia.org/resource/Haverford_Fords","http://dbpedia.org/resource/NJ_Transit","1"
"http://dbpedia.org/resource/Jim_Clark","http://dbpedia.org/resource/NJ_Transit","1"
"http://dbpedia.org/resource/Edgewater_(Miami)","http://dbpedia.org/resource/NJ_Transit","1"
"http://dbpedia.org/resource/Greater_Grand_Forks","http://dbpedia.org/resource/NK_Triglav_Kranj","1"
"http://dbpedia.org/resource/Sherwood_Park","http://dbpedia.org/resource/NLR_Air_Transport_Safety_Institute","1"
"http://dbpedia.org/resource/Portsmouth","http://dbpedia.org/resource/Nashua,_New_Hampshire","1"
"http://dbpedia.org/resource/Peterborough","http://dbpedia.org/resource/Nashua,_New_Hampshire","1"
"http://dbpedia.org/resource/Natick-class_tugboat","http://dbpedia.org/resource/Natick-class_tugboat","1"
"http://dbpedia.org/resource/South_Weymouth_station","http://dbpedia.org/resource/Naval_Air_Station_South_Weymouth","1"
"http://dbpedia.org/resource/Fremont,_Ohio","http://dbpedia.org/resource/Ne-Yo","1"
"http://dbpedia.org/resource/Elkhorn,_Montana","http://dbpedia.org/resource/Ne-Yo","1"
"http://dbpedia.org/resource/Walter_Raleigh","http://dbpedia.org/resource/North_Carolina","1"
"http://dbpedia.org/resource/Hendersonville,_Tennessee","http://dbpedia.org/resource/North_Carolina","1"
"http://dbpedia.org/resource/Rockingham,_North_Carolina","http://dbpedia.org/resource/North_Carolina","1"
"http://dbpedia.org/resource/Honey_locust","http://dbpedia.org/resource/North_Carolina","1"
"http://dbpedia.org/resource/Wake_Forest_Demon_Deacons_football","http://dbpedia.org/resource/North_Carolina","1"
"http://dbpedia.org/resource/Kinston,_Alabama","http://dbpedia.org/resource/North_Carolina","1"
"http://dbpedia.org/resource/Cherryville,_Missouri","http://dbpedia.org/resource/North_Carolina","1"
"http://dbpedia.org/resource/Cherokee","http://dbpedia.org/resource/North_Carolina","1"
"http://dbpedia.org/resource/Danbury_Branch","http://dbpedia.org/resource/Norwalk,_Connecticut","1"
"http://dbpedia.org/resource/Stamford_A.F.C.","http://dbpedia.org/resource/Norwalk,_Connecticut","1"
"http://dbpedia.org/resource/East_Granby_High_School","http://dbpedia.org/resource/Norwalk,_Connecticut","1"
"http://dbpedia.org/resource/Berlin","http://dbpedia.org/resource/Norwalk,_Connecticut","1"
"http://dbpedia.org/resource/Monte_Waterbury","http://dbpedia.org/resource/Norwalk,_Connecticut","1"
"http://dbpedia.org/resource/Wallingford,_Vermont","http://dbpedia.org/resource/Norwalk,_Connecticut","1"
"http://dbpedia.org/resource/Pawcatuck_River","http://dbpedia.org/resource/Norwalk,_Connecticut","1"
"http://dbpedia.org/resource/Hamden,_Ohio","http://dbpedia.org/resource/Norwalk,_Connecticut","1"
"http://dbpedia.org/resource/Newtown_Jets","http://dbpedia.org/resource/Norwalk,_Connecticut","1"
"http://dbpedia.org/resource/Blake_Shelton","http://dbpedia.org/resource/Norwalk,_Connecticut","1"
"http://dbpedia.org/resource/Simsbury_High_School","http://dbpedia.org/resource/Norwalk,_Connecticut","1"
"http://dbpedia.org/resource/FC_Tulsa","http://dbpedia.org/resource/OK_Go","1"
"http://dbpedia.org/resource/Duncan_Sheik","http://dbpedia.org/resource/OK_Go","1"
"http://dbpedia.org/resource/Edmond_O'Brien","http://dbpedia.org/resource/OK_Go","1"
"http://dbpedia.org/resource/Chickasha,_Oklahoma","http://dbpedia.org/resource/OK_Go","1"
"http://dbpedia.org/resource/Ford_Mustang","http://dbpedia.org/resource/OK_Go","1"
"http://dbpedia.org/resource/Ellicott_City_Jail","http://dbpedia.org/resource/Oella,_Maryland","1"
"http://dbpedia.org/resource/Brook_Park,_Ohio","http://dbpedia.org/resource/Ohio","1"
"http://dbpedia.org/resource/Mount_Vernon,_Ohio","http://dbpedia.org/resource/Ohio","1"
"http://dbpedia.org/resource/Celina,_Ohio","http://dbpedia.org/resource/Ohio","1"
"http://dbpedia.org/resource/Wapakoneta,_Ohio","http://dbpedia.org/resource/Ohio","1"
"http://dbpedia.org/resource/Bob_Hilliard","http://dbpedia.org/resource/Ohio","1"
"http://dbpedia.org/resource/Rossford,_Ohio","http://dbpedia.org/resource/Ohio","1"
"http://dbpedia.org/resource/Lakeview,_Oregon","http://dbpedia.org/resource/Ohio","1"
"http://dbpedia.org/resource/Upper_Sandusky,_Ohio","http://dbpedia.org/resource/Ohio","1"
"http://dbpedia.org/resource/CD_Toledo","http://dbpedia.org/resource/Ohio","1"
"http://dbpedia.org/resource/Bucyrus-Erie","http://dbpedia.org/resource/Ohio","1"
"http://dbpedia.org/resource/National_Register_of_Historic_Places_listings_in_Olmsted_County,_Minnesota","http://dbpedia.org/resource/Ohio","1"
"http://dbpedia.org/resource/North_Olmsted,_Ohio","http://dbpedia.org/resource/Ohio","1"
"http://dbpedia.org/resource/Reynoldsburg,_Ohio","http://dbpedia.org/resource/Ohio","1"
"http://dbpedia.org/resource/Akron_Pros","http://dbpedia.org/resource/Ohio","1"
"http://dbpedia.org/resource/Strongsville,_Ohio","http://dbpedia.org/resource/Ohio","1"
"http://dbpedia.org/resource/Medina","http://dbpedia.org/resource/Ohio","1"
"http://dbpedia.org/resource/Isaac_Newton","http://dbpedia.org/resource/On_the_Boundary_of_Two_Worlds:_Identity,_Freedom,_and_Moral_Imagination_in_the_Baltics","1"
"http://dbpedia.org/resource/Redwood_City_station","http://dbpedia.org/resource/Ontario","1"
"http://dbpedia.org/resource/Brentwood,_Essex","http://dbpedia.org/resource/Ontario","1"
"http://dbpedia.org/resource/SC_Santa_Maria","http://dbpedia.org/resource/Ontario","1"
"http://dbpedia.org/resource/Hermosa_Beach_Pier","http://dbpedia.org/resource/Ontario","1"
"http://dbpedia.org/resource/Fullerton,_California","http://dbpedia.org/resource/Ontario","1"
"http://dbpedia.org/resource/Uppland","http://dbpedia.org/resource/Ontario","1"
"http://dbpedia.org/resource/Costa_Mesa,_California","http://dbpedia.org/resource/Ontario","1"
"http://dbpedia.org/resource/Julia_Lathrop","http://dbpedia.org/resource/Ontario","1"
"http://dbpedia.org/resource/Canoga_Park_High_School","http://dbpedia.org/resource/Ontario","1"
"http://dbpedia.org/resource/Pomona_College","http://dbpedia.org/resource/Ontario","1"
"http://dbpedia.org/resource/Huntington_Beach_Pier","http://dbpedia.org/resource/Ontario","1"
"http://dbpedia.org/resource/Lake_Forest_College","http://dbpedia.org/resource/Ontario","1"
"http://dbpedia.org/resource/Solana_Beach_station","http://dbpedia.org/resource/Ontario","1"
"http://dbpedia.org/resource/Danville,_Virginia","http://dbpedia.org/resource/Ontario","1"
"http://dbpedia.org/resource/Tracy_Byrd","http://dbpedia.org/resource/Ontario","1"
"http://dbpedia.org/resource/Dinuba,_California","http://dbpedia.org/resource/Ontario","1"
"http://dbpedia.org/resource/Fresno_Falcons","http://dbpedia.org/resource/Ontario","1"
"http://dbpedia.org/resource/Lompoc_Record","http://dbpedia.org/resource/Ontario","1"
"http://dbpedia.org/resource/Aliso_Viejo,_California","http://dbpedia.org/resource/Ontario","1"
"http://dbpedia.org/resource/El_Segundo_station","http://dbpedia.org/resource/Ontario","1"
"http://dbpedia.org/resource/Petaluma_River","http://dbpedia.org/resource/Ontario","1"
"http://dbpedia.org/resource/San_Jose_Sharks","http://dbpedia.org/resource/Ontario","1"
"http://dbpedia.org/resource/Lakeside,_Oregon","http://dbpedia.org/resource/Ontario","1"
"http://dbpedia.org/resource/Jesús_Vallejo","http://dbpedia.org/resource/Ontario","1"
"http://dbpedia.org/resource/Venice","http://dbpedia.org/resource/Ontario","1"
"http://dbpedia.org/resource/Pleasant_Hill,_Oregon","http://dbpedia.org/resource/Ontario","1"
"http://dbpedia.org/resource/Studio_City,_Los_Angeles","http://dbpedia.org/resource/Ontario","1"
"http://dbpedia.org/resource/Redondo_Beach_station","http://dbpedia.org/resource/Ontario","1"
"http://dbpedia.org/resource/St._Anne_School_(Laguna_Niguel,_California)","http://dbpedia.org/resource/Ontario","1"
"http://dbpedia.org/resource/Nancy_Hollister","http://dbpedia.org/resource/Ontario","1"
"http://dbpedia.org/resource/Santa_Marina_del_Rey","http://dbpedia.org/resource/Ontario","1"
"http://dbpedia.org/resource/Alameda_Corridor","http://dbpedia.org/resource/Ontario","1"
"http://dbpedia.org/resource/Moorpark_station","http://dbpedia.org/resource/Ontario","1"
"http://dbpedia.org/resource/Menifee,_Arkansas","http://dbpedia.org/resource/Ontario","1"
"http://dbpedia.org/resource/Bakersfield_Condors","http://dbpedia.org/resource/Ontario","1"
"http://dbpedia.org/resource/Rancho_Cucamonga","http://dbpedia.org/resource/Ontario","1"
"http://dbpedia.org/resource/Rohnert_Park,_California","http://dbpedia.org/resource/Ontario","1"
"http://dbpedia.org/resource/Binghamton_Devils","http://dbpedia.org/resource/Pain_au_chocolat","1"
"http://dbpedia.org/resource/Crown_Point,_Indiana","http://dbpedia.org/resource/Palmer_Land","1"
"http://dbpedia.org/resource/Skippack,_Pennsylvania","http://dbpedia.org/resource/Pennsylvania","1"
"http://dbpedia.org/resource/Canonsburg_Hospital","http://dbpedia.org/resource/Pennsylvania","1"
"http://dbpedia.org/resource/McKeesport,_Pennsylvania","http://dbpedia.org/resource/Pennsylvania","1"
"http://dbpedia.org/resource/Downingtown_station","http://dbpedia.org/resource/Pennsylvania","1"
"http://dbpedia.org/resource/Verona","http://dbpedia.org/resource/Pennsylvania","1"
"http://dbpedia.org/resource/Joe_R._Lansdale","http://dbpedia.org/resource/Pennsylvania","1"
"http://dbpedia.org/resource/Lafayette_hillside_memorial","http://dbpedia.org/resource/Pennsylvania","1"
"http://dbpedia.org/resource/Harleysville_Group","http://dbpedia.org/resource/Pennsylvania","1"
"http://dbpedia.org/resource/Titusville,_Florida","http://dbpedia.org/resource/Pennsylvania","1"
"http://dbpedia.org/resource/Monroeville,_Ohio","http://dbpedia.org/resource/Pennsylvania","1"
"http://dbpedia.org/resource/Whitehall","http://dbpedia.org/resource/Pennsylvania","1"
"http://dbpedia.org/resource/FC_Luzern","http://dbpedia.org/resource/Pennsylvania","1"
"http://dbpedia.org/resource/Wexford","http://dbpedia.org/resource/Pennsylvania","1"
"http://dbpedia.org/resource/Bletchley_Park","http://dbpedia.org/resource/Pennsylvania","1"
"http://dbpedia.org/resource/Chadds_Ford_Historic_District","http://dbpedia.org/resource/Pennsylvania","1"
"http://dbpedia.org/resource/Willow_Grove_Park","http://dbpedia.org/resource/Pennsylvania","1"
"http://dbpedia.org/resource/Fleetwood","http://dbpedia.org/resource/Pennsylvania_Route_12","1"
"http://dbpedia.org/resource/Midvale,_Utah","http://dbpedia.org/resource/Peter_Cushing","1"
"http://dbpedia.org/resource/Troy","http://dbpedia.org/resource/Pleasant_Dale,_West_Virginia","1"
"http://dbpedia.org/resource/Reno,_Nevada","http://dbpedia.org/resource/Pleasant_Valley_Township","1"
"http://dbpedia.org/resource/Saint_George","http://dbpedia.org/resource/Prospect_Hill_Historic_District_(Bloomington,_Indiana)","1"
"http://dbpedia.org/resource/Burlington_South_station","http://dbpedia.org/resource/Quebec_City","1"
"http://dbpedia.org/resource/Jamaica","http://dbpedia.org/resource/Queens","1"
"http://dbpedia.org/resource/Flushing,_Queens","http://dbpedia.org/resource/Queens","1"
"http://dbpedia.org/resource/Bothell,_Washington","http://dbpedia.org/resource/Queensgate,_Cincinnati","1"
"http://dbpedia.org/resource/Quincy_Jones","http://dbpedia.org/resource/Quincy_Center","1"
"http://dbpedia.org/resource/Fair_Lawn,_New_Jersey","http://dbpedia.org/resource/Radburn_station","1"
"http://dbpedia.org/resource/Collegeville,_Indiana","http://dbpedia.org/resource/Rahns,_Pennsylvania","1"
"http://dbpedia.org/resource/Connellsville_station","http://dbpedia.org/resource/Richard_E._Connell","1"
"http://dbpedia.org/resource/Afonso_de_Albuquerque","http://dbpedia.org/resource/Rio_Arriba_County,_New_Mexico","1"
"http://dbpedia.org/resource/Farmington,_Maine","http://dbpedia.org/resource/Rio_Arriba_County,_New_Mexico","1"
"http://dbpedia.org/resource/Battle_of_Front_Royal","http://dbpedia.org/resource/Riverton,_Utah","1"
"http://dbpedia.org/resource/Meg_Cabot","http://dbpedia.org/resource/Riyadh","1"
"http://dbpedia.org/resource/Jonesboro,_Georgia","http://dbpedia.org/resource/Riyadh","1"
"http://dbpedia.org/resource/Downtown_Bentonville","http://dbpedia.org/resource/Riyadh","1"
"http://dbpedia.org/resource/University_of_Arkansas–Fort_Smith","http://dbpedia.org/resource/Riyadh","1"
"http://dbpedia.org/resource/Rockville_Centre_train_crash","http://dbpedia.org/resource/Rockville_Centre_train_crash","1"
"http://dbpedia.org/resource/Rockville,_Connecticut","http://dbpedia.org/resource/Rockville_station","1"
"http://dbpedia.org/resource/Lil_Wayne","http://dbpedia.org/resource/Rosalind_Howells,_Baroness_Howells_of_St_Davids","1"
"http://dbpedia.org/resource/Round_Lake_station","http://dbpedia.org/resource/Round_Lake_Heights,_Illinois","1"
"http://dbpedia.org/resource/Voorhees_Mall","http://dbpedia.org/resource/Row_echelon_form","1"
"http://dbpedia.org/resource/Sioux_Falls_Storm","http://dbpedia.org/resource/SD_Huesca","1"
"http://dbpedia.org/resource/Kingston,_Jamaica","http://dbpedia.org/resource/Saint_Remigius","1"
"http://dbpedia.org/resource/Novato,_California","http://dbpedia.org/resource/San_Marino","1"
"http://dbpedia.org/resource/San_Rafael,_Mendoza","http://dbpedia.org/resource/Santa_Venetia,_California","1"
"http://dbpedia.org/resource/Johnston,_Rhode_Island","http://dbpedia.org/resource/Seabrook_Island,_South_Carolina","1"
"http://dbpedia.org/resource/Aptos,_California","http://dbpedia.org/resource/Seacliff","1"
"http://dbpedia.org/resource/Bellevue,_Iowa","http://dbpedia.org/resource/Seattle","1"
"http://dbpedia.org/resource/Vancouver","http://dbpedia.org/resource/Seattle","1"
"http://dbpedia.org/resource/John_Langley","http://dbpedia.org/resource/Seattle","1"
"http://dbpedia.org/resource/Tacoma_Stars","http://dbpedia.org/resource/Seattle","1"
"http://dbpedia.org/resource/Olympia_Radotín","http://dbpedia.org/resource/Seattle","1"
"http://dbpedia.org/resource/Federal_Way,_Washington","http://dbpedia.org/resource/Seattle","1"
"http://dbpedia.org/resource/Lynden_Pindling","http://dbpedia.org/resource/Seattle","1"
"http://dbpedia.org/resource/Marysville,_Ohio","http://dbpedia.org/resource/Seattle","1"
"http://dbpedia.org/resource/Shawnee","http://dbpedia.org/resource/Shawnee_Mission,_Kansas","1"
"http://dbpedia.org/resource/Elyria,_Ohio","http://dbpedia.org/resource/Sheffield_Ski_Village","1"
"http://dbpedia.org/resource/Desert_Hot_Springs_High_School","http://dbpedia.org/resource/Sky_Valley,_Georgia","1"
"http://dbpedia.org/resource/Inver_Grove_Heights,_Minnesota","http://dbpedia.org/resource/South_Saint_Paul_Secondary","1"
"http://dbpedia.org/resource/Spokane_Shock","http://dbpedia.org/resource/Spokane_Valley,_Washington","1"
"http://dbpedia.org/resource/St_Albans","http://dbpedia.org/resource/St_Albans","1"
"http://dbpedia.org/resource/Hershey_Bears","http://dbpedia.org/resource/St_Werburgh's_Church,_Derby","1"
"http://dbpedia.org/resource/Valley_Mills,_Texas","http://dbpedia.org/resource/Strawberry_Point,_Iowa","1"
"http://dbpedia.org/resource/Syracuse_Crunch","http://dbpedia.org/resource/Syr_Darya","1"
"http://dbpedia.org/resource/Sylacauga,_Alabama","http://dbpedia.org/resource/Talladega_Springs,_Alabama","1"
"http://dbpedia.org/resource/Paris","http://dbpedia.org/resource/Tennessee","1"
"http://dbpedia.org/resource/Gatlinburg_Bypass","http://dbpedia.org/resource/Tennessee","1"
"http://dbpedia.org/resource/Midland,_Texas","http://dbpedia.org/resource/Texas","1"
"http://dbpedia.org/resource/Cedar_Hill,_Texas","http://dbpedia.org/resource/Texas","1"
"http://dbpedia.org/resource/Katy_B","http://dbpedia.org/resource/Texas","1"
"http://dbpedia.org/resource/Kingwood,_Houston","http://dbpedia.org/resource/Texas","1"
"http://dbpedia.org/resource/Pearland,_Texas","http://dbpedia.org/resource/Texas","1"
"http://dbpedia.org/resource/Kasey_Keller","http://dbpedia.org/resource/Texas","1"
"http://dbpedia.org/resource/Mesquite","http://dbpedia.org/resource/Texas","1"
"http://dbpedia.org/resource/Lily_Allen","http://dbpedia.org/resource/Texas","1"
"http://dbpedia.org/resource/El_Paso,_Texas","http://dbpedia.org/resource/Texas","1"
"http://dbpedia.org/resource/Plano,_Texas","http://dbpedia.org/resource/Texas","1"
"http://dbpedia.org/resource/Mansfield","http://dbpedia.org/resource/Texas","1"
"http://dbpedia.org/resource/Richardson,_Texas","http://dbpedia.org/resource/Texas","1"
"http://dbpedia.org/resource/Judy_Garland","http://dbpedia.org/resource/Texas","1"
"http://dbpedia.org/resource/Fort_Worth,_Texas","http://dbpedia.org/resource/Texas","1"
"http://dbpedia.org/resource/Missouri_City,_Texas","http://dbpedia.org/resource/Texas","1"
"http://dbpedia.org/resource/Hammonton_station","http://dbpedia.org/resource/The_Blue_Anchor_Inn","1"
"http://dbpedia.org/resource/Mwanza_flat-headed_rock_agama","http://dbpedia.org/resource/Treaty_of_Brownstown","1"
"http://dbpedia.org/resource/South_of_Market,_San_Francisco","http://dbpedia.org/resource/Ukrainian_Soviet_Socialist_Republic","1"
"http://dbpedia.org/resource/Hoboken_Terminal","http://dbpedia.org/resource/Uptown_Funk","1"
"http://dbpedia.org/resource/Cedar_City,_Utah","http://dbpedia.org/resource/Utah","1"
"http://dbpedia.org/resource/Gunnison_River","http://dbpedia.org/resource/Utah","1"
"http://dbpedia.org/resource/Provo,_Utah","http://dbpedia.org/resource/Utah","1"
"http://dbpedia.org/resource/Tobi_Vail","http://dbpedia.org/resource/Vali_Kandi,_West_Azerbaijan","1"
"http://dbpedia.org/resource/Charles_de_Saint-Évremond","http://dbpedia.org/resource/Valley_View,_Ohio","1"
"http://dbpedia.org/resource/Florence","http://dbpedia.org/resource/Vasas_SC","1"
"http://dbpedia.org/resource/Taylors_Falls,_Minnesota","http://dbpedia.org/resource/Vasas_SC","1"
"http://dbpedia.org/resource/Greenville,_Ohio","http://dbpedia.org/resource/Vasas_SC","1"
"http://dbpedia.org/resource/Bennettsville,_South_Carolina","http://dbpedia.org/resource/Vasas_SC","1"
"http://dbpedia.org/resource/Slim_Pickens","http://dbpedia.org/resource/Vasas_SC","1"
"http://dbpedia.org/resource/Myrtle_Beach_Mutiny","http://dbpedia.org/resource/Vasas_SC","1"
"http://dbpedia.org/resource/Saint_Anne","http://dbpedia.org/resource/Virgin_and_Child_with_Saint_Anne","1"
"http://dbpedia.org/resource/Daleville,_Alabama","http://dbpedia.org/resource/Virginia","1"
"http://dbpedia.org/resource/Manassas,_Virginia","http://dbpedia.org/resource/Virginia","1"
"http://dbpedia.org/resource/Norfolk","http://dbpedia.org/resource/Virginia","1"
"http://dbpedia.org/resource/Colonial_Williamsburg","http://dbpedia.org/resource/Virginia","1"
"http://dbpedia.org/resource/Chesapeake_Bay","http://dbpedia.org/resource/Virginia","1"
"http://dbpedia.org/resource/Arlington,_Texas","http://dbpedia.org/resource/Virginia","1"
"http://dbpedia.org/resource/Suffolk","http://dbpedia.org/resource/Virginia","1"
"http://dbpedia.org/resource/Harrisonburg,_Virginia","http://dbpedia.org/resource/Virginia","1"
"http://dbpedia.org/resource/Blacksburg,_Virginia","http://dbpedia.org/resource/Virginia","1"
"http://dbpedia.org/resource/Henrico,_Virginia","http://dbpedia.org/resource/Virginia","1"
"http://dbpedia.org/resource/Fairfax_Media","http://dbpedia.org/resource/Virginia","1"
"http://dbpedia.org/resource/Moses_Lake","http://dbpedia.org/resource/W._C._Raugust","1"
"http://dbpedia.org/resource/West_Linn,_Oregon","http://dbpedia.org/resource/Walkers_Corner,_Missouri","1"
"http://dbpedia.org/resource/Windsor,_New_South_Wales","http://dbpedia.org/resource/Wapping","1"
"http://dbpedia.org/resource/Laconia","http://dbpedia.org/resource/Weirs_Beach,_New_Hampshire","1"
"http://dbpedia.org/resource/Wellington","http://dbpedia.org/resource/Wellington_Village","1"
"http://dbpedia.org/resource/Dave_Matthews","http://dbpedia.org/resource/Wesley_Chapel,_Florida","1"
"http://dbpedia.org/resource/Deerfield_Academy","http://dbpedia.org/resource/West_Deerfield_Township,_Lake_County,_Illinois","1"
"http://dbpedia.org/resource/Babylon","http://dbpedia.org/resource/West_Gilgo_Beach,_New_York","1"
"http://dbpedia.org/resource/Medford,_Oregon","http://dbpedia.org/resource/West_Medford_station","1"
"http://dbpedia.org/resource/Macomb,_Illinois","http://dbpedia.org/resource/William_Macomb_(merchant)","1"
"http://dbpedia.org/resource/Willoughby,_Ohio","http://dbpedia.org/resource/Willoughby_Hills,_Ohio","1"
"http://dbpedia.org/resource/West_Deptford_Township,_New_Jersey","http://dbpedia.org/resource/Woodbury,_Minnesota","1"
"http://dbpedia.org/resource/Cornville,_Arizona","http://dbpedia.org/resource/Woodbury,_Minnesota","1"
"http://dbpedia.org/resource/South_Yarmouth,_Massachusetts","http://dbpedia.org/resource/Yarmouth,_Nova_Scotia","1"
"http://dbpedia.org/resource/Bloomfield_Hills,_Michigan","http://www.city.ac.uk/ds/inm713/feiphoon#bloomfld_hls","1"
"http://dbpedia.org/resource/Lake_Bonney_SE","http://www.city.ac.uk/ds/inm713/feiphoon#bonney_lk","1"
"http://dbpedia.org/resource/Briarcliff_Manor,_New_York","http://www.city.ac.uk/ds/inm713/feiphoon#briarcliff_mnr","1"
"http://dbpedia.org/resource/Englewood,_Florida","http://www.city.ac.uk/ds/inm713/feiphoon#cherry_hl_vlg","1"
"http://dbpedia.org/resource/Chevy_Chase","http://www.city.ac.uk/ds/inm713/feiphoon#chevy_chs_vlg","1"
"http://dbpedia.org/resource/Barrington,_Illinois","http://www.city.ac.uk/ds/inm713/feiphoon#fox_rv_vly_gn","1"
"http://dbpedia.org/resource/Fishers_station","http://www.city.ac.uk/ds/inm713/feiphoon#in","1"
"http://dbpedia.org/resource/Clive_Granger","http://www.city.ac.uk/ds/inm713/feiphoon#in","1"
"http://dbpedia.org/resource/Schefferville","http://www.city.ac.uk/ds/inm713/feiphoon#in","1"
"http://dbpedia.org/resource/Cleveland","http://www.city.ac.uk/ds/inm713/feiphoon#mayfield_hts","1"
"http://dbpedia.org/resource/Sandy_Vee","http://www.city.ac.uk/ds/inm713/feiphoon#or","1"
"http://dbpedia.org/resource/Corvallis,_Oregon","http://www.city.ac.uk/ds/inm713/feiphoon#or","1"
"http://dbpedia.org/resource/Beaverton,_Oregon","http://www.city.ac.uk/ds/inm713/feiphoon#or","1"
"http://dbpedia.org/resource/City_of_Rancho_Palos_Verdes_v._Abrams","http://www.city.ac.uk/ds/inm713/feiphoon#pls_vrds_est","1"
